state,abbr,winner_Dparty,winner_Rparty,name_D1,name_D2,name_D3,name_D4,name_R1,name_R2,name_R3,name_R4,winner_D1,winner_D2,winner_D3,winner_D4,winner_R1,winner_R2,winner_R3,winner_R4,rating
Alabama,AL,2.825,97.175,Doug Jones,,,,Tommy Tuberville,,,,2.825,,,,97.175002,,,,3
Alaska,AK,86.0975,13.9025,Jonathan Kreiss-Tomkins,,,,Bernadette Wilson,David Bronson,Treg Taylor,,86.097503,,,,9.4825,3.9925,0.4275,,-2
Arizona,AZ,93.905,6.095,Katie Hobbs,,,,Andy Biggs,,,,93.905002,,,,6.095,,,,-2
Arkansas,AR,2.2025,97.7975,Fredrick Love,,,,Sarah Huckabee Sanders,,,,2.2025,,,,97.797501,,,,3
California,CA,99.9675,0.0325,Xavier Becerra,,,,Steve Hilton,,,,99.967498,,,,0.0325,,,,-3
Colorado,CO,99.7875,0.2125,Phil Weiser,,,,Victor Marx,,,,99.787498,,,,0.2125,,,,-3
Connecticut,CT,99.5675,0.4325,Ned Lamont,,,,Ryan Fazio,,,,99.567503,,,,0.4325,,,,-3
Florida,FL,31.43,68.57,David Jolly,,,,Byron Donalds,,,,31.43,,,,68.57,,,,1
Georgia,GA,64.2625,35.7375,Keisha Bottoms,,,,Rick Jackson,,,,64.262497,,,,35.7375,,,,-1
Hawaii,HI,99.9925,0.0075,Joshua Green,,,,Gary Cordery,,,,99.992502,,,,0.0075,,,,-3
Idaho,ID,0.14,99.86,Terri Pickens,,,,Brad Little,,,,0.14,,,,99.860001,,,,3
Illinois,IL,99.895,0.105,J.B. Pritzker,,,,Darren Bailey,,,,99.895,,,,0.105,,,,-3
Iowa,IA,92.09,7.91,Rob Sand,,,,Zach Lahn,,,,92.089999,,,,7.91,,,,-2
Kansas,KS,30.485,69.515,Cindy Holscher,,,,Ty Masterson,,,,30.485001,,,,69.515002,,,,1
Maine,ME,98.675,1.325,Hannah Pingree,,,,Bobby Charles,,,,98.675001,,,,1.325,,,,-3
Maryland,MD,99.99,0.01,Wes Moore,,,,Dan Cox,,,,99.989998,,,,0.01,,,,-3
Massachusetts,MA,99.925,0.075,Maura Healey,,,,Michael Minogue,,,,99.924999,,,,0.075,,,,-3
Michigan,MI,94.9325,5.0675,Jocelyn Benson,,,,John James,,,,94.932497,,,,5.0675,,,,-2
Minnesota,MN,98.0125,1.9875,Amy Klobuchar,,,,Lisa Demuth,,,,98.012501,,,,1.9875,,,,-3
Nebraska,NE,5.7325,94.2675,Lynne Walz,,,,Jim Pillen,,,,5.7325,,,,94.267499,,,,2
Nevada,NV,47.0675,52.9325,Aaron Ford,,,,Joe Lombardo,,,,47.067499,,,,52.932501,,,,0
New Hampshire,NH,4.495,95.505,Cinde Warmington,,,,Kelly Ayotte,,,,4.495,,,,95.504999,,,,3
New Mexico,NM,98.565,1.435,Debra Haaland,,,,Gregg Hull,,,,98.565,,,,1.435,,,,-3
New York,NY,99.4175,0.5825,Kathy Hochul,,,,Bruce Blakeman,,,,99.417502,,,,0.5825,,,,-3
Ohio,OH,74.89,25.11,Amy Acton,,,,Vivek Ramaswamy,,,,74.89,,,,25.11,,,,-1
Oklahoma,OK,4.3525,95.6475,Cyndi Munson,,,,Mike Mazzei,,,,4.3525,,,,95.647496,,,,3
Oregon,OR,88.6975,11.3025,Tina Kotek,,,,Christine Drazan,,,,88.697499,,,,11.3025,,,,-2
Pennsylvania,PA,99.94,0.06,Josh Shapiro,,,,Stacy Garrity,,,,99.940002,,,,0.06,,,,-3
Rhode Island,RI,99.8375,0.1625,Helena Foulkes,,,,Aaron Guckian,,,,99.8375,,,,0.1625,,,,-3
South Carolina,SC,2.7675,97.2325,Jermaine Johnson,,,,Alan Wilson,,,,2.7675,,,,97.232503,,,,3
South Dakota,SD,0.5075,99.4925,Dan Ahlers,,,,Larry Rhoden,,,,0.5075,,,,99.492502,,,,3
Tennessee,TN,0.425,99.575,Jerri Green,,,,Marsha Blackburn,,,,0.425,,,,99.575001,,,,3
Texas,TX,30.2175,69.78,Gina Hinojosa,,,,Greg Abbott,,,,30.217499,,,,69.779998,,,,1
Vermont,VT,24.125,75.875,Amanda Janoo,,,,Phil Scott,,,,24.124999,,,,75.875002,,,,2
Wisconsin,WI,70.805,29.195,David Crowley,,,,Tom Tiffany,,,,70.805001,,,,29.194999,,,,-1
Wyoming,WY,0.0275,99.9725,Ken Casner,,,,Eric Barlow,,,,0.0275,,,,99.972498,,,,3